path,bytes,sha256
.gitignore,56,9eb8d0c0815671f90d4fed0eb796a0efe0d48e3a04711c028753473dce877018
DATA_AND_CODE_AVAILABILITY_NOTE.md,3889,4a614b6eb4938ea0b4eb74db902ab388bb4645fd0a5061f4c42a0793ee7ba6f1
DATA_CODE_FIGURE_TABLE_CROSSWALK.md,10310,ae52ef8f8652568ce69353855c8efa43a293a35fff42b44302d501eb8223a93d
README.md,1952,774934c4145c66c48afc8dc8c0ac0ad76dd5c71d272c0f1c8b798efc598e57d8
code/CODE_README.md,2989,122a1d92e187e7a1d9a2b8eafaefd4c4edd528bdac1f1ee9ec2290ffd26d6cb7
code/analysis_scripts/24_semantic_align_rules_to_space.py,27946,fc208ab51f540f505fbcbd70caa2fbed09841adf604fe43b1d537b8caf1221a1
code/analysis_scripts/33_estimate_full_rule_adoption_propensity_v2.py,13564,74209249e1d80f641d25cbd9e6d06419a53cda1f8a18db33b27d78fee235b5d9
code/analysis_scripts/34_schelling_full_rule_adoption_simulation_v2.py,14959,c29c7a14e28a3b141c929335f493bc7e416097078ff048d27c7d9b1b4c68106a
code/analysis_scripts/37_build_pet_service_ecology_network_v3.py,26094,3535a8fe0b989ef34b3d943616df8282f28563e4d2961c908c7cecb8c627a343
code/analysis_scripts/38_build_rule_liminal_threshold_model_v4.py,21012,3ae2045f1029006a093d66fb933e96a4bd5559ee4d8662ab820c8946f7be08db
code/analysis_scripts/40_build_regional_emergence_suppression_indices_v5.py,13100,a298031155ff20a020d7ec7de2c9f73058bf2b934cc148019dd138b144b133c1
code/analysis_scripts/43_build_primary_source_sensitivity_v1.py,9857,6da1f618846bc6904d61e528f8ea4ef635aeaf81f9a6e80c3c1db88e11290f6d
code/analysis_scripts/46_build_controlled_grid_model_v6.py,13580,791010d1585cc2dd5b030ae7f8bcf793f03e00215ca4a8ed9e86d51506f521d5
code/analysis_scripts/47_build_causal_upgrade_event_audit_v1.py,12905,4775f7b13de8b87b14a4866ae53406a592c4baf68a141742b38892b2e6cb43ca
code/analysis_scripts/48_run_final_systematic_models_v7.py,19777,e927ad005b2423256b5bb45dc94ea12b6aafb290c1c230227c4f3f6117f9929b
code/analysis_scripts/66_repair_sparse_rule_scaling_v51.py,6633,d7ffe7a06792197f6fb6463ce4a2b283465a423205ff1d08edba704e2692839f
code/analysis_scripts/67_build_controlled_grid_model_v61_sparse_repaired.py,13840,f38a3ffc75903692761ff66ab2b6bc2c9f8199430b959953f866bb50ceeae615
code/config.py,357,c8de796b5190e3bea10dcbee7cc649a46bd49eb64460cd6a7d07d51c769431d4
code/figure_scripts/figures_v28_spatial_sparse_repaired/build_fig2_district_atlas_v28.py,24166,9b1604440f7fedad14d7ed3bc73fc112a0dd2ac6069f7971df672f307f159166
code/figure_scripts/figures_v28_spatial_sparse_repaired/build_fig2_v28.py,28364,ace4666ca203923f1d9e1e7f79483f418a15693446f3aa29b51afe85e3a07a7d
code/figure_scripts/figures_v28_spatial_sparse_repaired/build_fig3_rule_liminal_venues_v28.py,29576,6cb964d8e322d060e24f8aec0d5e113c8956d842c9688cf310efc7f20603f222
code/figure_scripts/figures_v28_spatial_sparse_repaired/build_fig4_suppressed_frontier_v28.py,26064,d75805ce1a000ef566a3ddd8b2e8c71c5b439883e46a7f38833570d2dcc11265
code/figure_scripts/figures_v28_spatial_sparse_repaired/build_fig5_topology_threshold_v28.py,35800,687e1634271d0a93afaf13f77b2a66a5beb833c19e1b57ed6c40cab02ecfe3d2
code/figure_scripts/figures_v29_expanded_system/build_v29_expanded_system.py,34210,d0288cf73c791d04dd10a1833c276078fd88fa6507f40a3314ad341897aae20f
code/figure_scripts/figures_v30_map_evidence_vignettes/build_v30_map_evidence_vignettes.py,31627,2a5c06285c22c50fcbeab9f4648947623a266a3bc1103ecc9e477991cce03cad
code/figure_scripts/final_rebuild_scripts/100_rebuild_hssc_fig6_quality_v1.py,26258,14153a48f084e05f6d0cc2afd0fed8e0326690b371a3ce3fb759aff8e30a774d
code/figure_scripts/final_rebuild_scripts/92_rebuild_hssc_figures2_7_20260616.py,24570,15a630fddede2ba071fd87b04c519a34086840685e82c403f59bec42509d5962
code/figure_scripts/final_rebuild_scripts/93_hssc_master_preserve_figure_polish_20260616.py,8095,b2ccd2942b54cddf26c15a42e6e9c70129129a371647a57599758a1383f3134e
code/figure_scripts/final_rebuild_scripts/94_rebuild_hssc_fig7_quality_v2.py,25051,d8557cf9d6b1aa871244d1df587d9edd1d3aeb8a88b5935b460574e098969bdc
code/figure_scripts/final_rebuild_scripts/95_rebuild_hssc_fig2_quality_v1.py,10114,ea36f764f9cf5647276427df38bffeec23187690498fe781b26429cc7705e6e0
code/figure_scripts/final_rebuild_scripts/96_rebuild_hssc_fig2_atlas_layout_v2.py,15925,9e58b1257a0957b4bbe56349d268cb72dd11b8965ac1de1f4c2960a34762e1bd
code/figure_scripts/final_rebuild_scripts/97_rebuild_hssc_fig3_quality_v1.py,20453,62312b813bd83a2d889d2f3b784b73a4a2c48a4aeff805c42caf2d3f9751fd15
code/figure_scripts/final_rebuild_scripts/98_rebuild_hssc_fig4_quality_v1.py,17916,2b1253d224f2f80e8dbe4b7e7f3a7086681334607e3b39705269b8f476d2d334
code/figure_scripts/final_rebuild_scripts/99_rebuild_hssc_fig5_quality_v1.py,16034,bb37b12da09f9db72324d76f56bf66e17ec74582b64980a43330a8929b3a84d8
code/verify_package_inputs.py,3218,9c652a50922719a38fb64735dfabb35a1ccc5a9ad2b69173b53be718c3e08d42
data/DATA_AND_CODE_AVAILABILITY_NOTE.md,3889,4a614b6eb4938ea0b4eb74db902ab388bb4645fd0a5061f4c42a0793ee7ba6f1
data/DATA_CODE_FIGURE_TABLE_CROSSWALK.md,10310,ae52ef8f8652568ce69353855c8efa43a293a35fff42b44302d501eb8223a93d
data/DATA_README.md,1233,a5c051be51b37712467d1f0a4946f40e393942f30b6503f5fc914d887e42c34c
data/data_code_figure_table_crosswalk.csv,9704,ce2c1bb43cc07c0c44277d4c7149e3920a85848650288de4de7d0f604102985e
data/derived_data/geo/shenzhen_boundary_verified.geojson,81236,63db629e63cc24e05ccdb703ad4902a51f9ed91d2c14d847f30a44ce227d48a2
data/derived_data/geo/shenzhen_grid_500m.gpkg,3248128,0d9c0c4d32b8494076fa415c87c78459a8fa00baab05f359e085d7a0d5d97a37
data/derived_data/grid_pet_service_background_500m.csv,669793,0e7bc01ce2b852e3a2800b58ed57254161e0c77805ef1fd8350d8b12a3d1c9d9
data/derived_data/grid_pet_service_background_500m_year.csv,485700,ab8bb05a5dab748d906949dcba0b802c00fca7f5dd9113beaa0f9ae4c475cda2
data/derived_data/model/causal_upgrade_design_options_v1.csv,24973,a3aaf5ea6c2a4fc55f7360226c3167d784542a28da975ee3ec8ccd7109e184fc
data/derived_data/model/causal_upgrade_event_candidates_v1.csv,113679,db26faab02a2a416c7f062decd03a10f4ecef8c28c71bd5c4de09ae178799f81
data/derived_data/model/controlled_grid_model_500m_2025_v6.csv,3023323,f987ed830a9ed575029930abd872ccee4ba135a5552f32fa6350794f33a6ae79
data/derived_data/model/controlled_grid_model_500m_2025_v61_sparse_repaired.csv,3134163,6c6f52b556c7db818caf0b4d2b607aa9f154ba0531020dbb54f7071f93d7641f
data/derived_data/model/controlled_grid_model_coefficients_v6.csv,13533,1cfd1134d1346cc128e895c02a5e8eab9635c2eefb1e3d8874793a58157dc4aa
data/derived_data/model/controlled_grid_model_coefficients_v61_sparse_repaired.csv,13975,9c9729ba7f51c303638279a48cae95fb92e8cfbcf305783e26268e3312e7f44e
data/derived_data/model/controlled_grid_model_metrics_v6.csv,1120,68de971829f540035678e2e0c7d8ebca29292cb27f6b937c96a413b28636213e
data/derived_data/model/controlled_grid_model_metrics_v61_sparse_repaired.csv,1111,a7dd74d06cf69a818e903a465551bc298cc5827c70877ed16ca7316030756909
data/derived_data/model/district_emergence_suppression_indices_2025_v5.csv,2141,e2ea6873851f2c3cb416c3b7e078aadeae2ce4dd1c3b83607b7c0a72faa31da0
data/derived_data/model/final_balanced_grid_year_panel_2019_2025_v7.csv,7225880,30a07d200f442b67b89bec38207f11fb6de8913bd28bde58aa95c643a05346f0
data/derived_data/model/final_event_study_panel_v7.csv,7879188,52dda07a9ebe66507586a0abf0a55b28f44e907cfefd9847d5132dae88fb02fa
data/derived_data/model/final_event_study_results_v7.csv,534,fbcfe42fdbac95dbb35113e6e3bf3ee2a6cd0781ae8315a79d98aa90497183c5
data/derived_data/model/final_matched_frontier_comparison_v7.csv,1186,7649a3611285997f3961014dfa2daf14c33efbf2684957e9c23d00797264da8c
data/derived_data/model/final_model_summary_v7.csv,2072,2c21664ded0f4bfa8576ee58e973c9f8b9be4e112892298535d57a90e46e3022
data/derived_data/model/grid_emergence_suppression_indices_500m_2025_v5.csv,4268335,0292a129b8769a84b5dfabcc9b5bfd54fe73fe535808ad21de1ff4087c7ffa88
data/derived_data/model/grid_emergence_suppression_indices_500m_2025_v5.geojson,23727330,261ffc041599f12d837e75bf9c773ea0604c12109ec4f6cd8a26d05e2c652819
data/derived_data/model/grid_emergence_suppression_indices_500m_2025_v51_sparse_repaired.csv,5081015,1501f1f8ba56d303c8535facd2d84432a98f86e00a932f3f06ffb6a99f51051b
data/derived_data/model/grid_emergence_suppression_indices_500m_2025_v51_sparse_repaired.geojson,27255756,4613986bf7c97c510ef7389d84c66cfb957ea295998be432c06bd91f49988966
data/derived_data/model/grid_features_500m_2019_2025.csv,2802228,02524d08bdf84c603488248132899b324790b7c700e01df4a19a9c897134ff78
data/derived_data/model/grid_features_500m_2019_2025_with_platform_text_v1.csv,3615839,f19332a28482e11dfb9a5bf374212679846fa751d8c19a46366f1ee3fbc5e82c
data/derived_data/model/grid_morphology_500m.csv,1068628,f6a9d92382d4379b73a7779b45c91930cd0d165907ec66f42d57655f59db94b3
data/derived_data/model/grid_pet_rule_ecology_500m_2025_v3.csv,1661826,976a819fedb36110d2f4eee1ca51112bedd1719912362283f84393982589bf99
data/derived_data/model/grid_rule_liminality_500m_2025_v4.csv,2494607,2b29e8396c1933733c58345cdee7b61ac8c8084300c732204dc745833eba24bb
data/derived_data/model/grid_rule_liminality_500m_2025_v4.geojson,18107861,c8bf85448e32fbf3c891ad762fb944a19f1e011d43ac073e25b259afef534fa5
data/derived_data/model/grid_schelling_rule_adoption_500m_2025_v2.csv,315164,2b7288b194c26f25e02ed76932d1cd2cbda789dcd8e9efaf841ba32dec76b27a
data/derived_data/model/grid_schelling_rule_adoption_500m_2025_v2.geojson,8135767,f9730598f9983e017d7abb9e0850631e02df406e02af6b7099ed0147397af727
data/derived_data/model/grid_service_background_500m_2019_2025.csv,379845,66ee1a5b4cb95b9b938ee697b6d88c73a2c9803b66754e83df17fa1ee2206adc
data/derived_data/model/primary_source_sensitivity_district_v1.csv,1167,2d0b071618a5318ca7f36ccca5212a182da8aa2d3e48fa43f0566de1ddb1b44f
data/derived_data/model/primary_source_sensitivity_grid_v1.csv,4961143,a22a83a3a203e1a99c2d77541856b0260dc92aba238a15ed6cd7bb376f407896
data/derived_data/model/sparse_rule_scaling_audit_v51.csv,872,5e703d34eec5896055f5d8cc5efd68d91f78c87d1e762acc47916662de7a9068
data/derived_data/network/grid_pet_rule_topology_2025_v3.csv,2237271,bb8a9ca2792f5491b6a86c17a0c69216a581e801c8a801c0d49242eab680d956
data/derived_data/network/pet_rule_multilayer_edges_2025_v3.csv,31857156,51715de1fc9c5535f517797f55c5e6977916e2f1d71bbdb236877da89da8abcc
data/derived_data/network/rule_liminal_threshold_edges_2025_v4.csv,2080803,3b505b472a4a76921862f76fefd359647d0d77a08ae9eea0125da64ac0792b90
data/derived_data/osm/shenzhen_osm_buildings_3d.gpkg,27516928,3ef595b1513e4b0910c13abfdbde2e9581349bffdc6c6ac62880b6b8add0b3e5
data/derived_data/osm/shenzhen_osm_pedestrian_paths.gpkg,11444224,9b78ba40786daab0351758e17522a8c91f3dc152695e617693f1380c21fcc824
data/derived_data/osm/shenzhen_osm_public_space.gpkg,7544832,8ad6d30988531e65babd4dd8af1af9bd712a179bc6223abf5b899a652cee8f90
data/derived_data/osm/shenzhen_osm_roads.gpkg,18812928,ab1b954090395fcdcb9ba66ebe49e701c0cb62131115fb39630625f08d8c8f9b
data/derived_data/platform/full_silent_rule_adoption_propensity_2025_v2.csv,54529649,bf815f24ab245d05ebf4f4f2775f3067788c1dc4256ebfd84dd1915a1e4af8d9
data/derived_data/platform/governance_public_space_rules_v1.csv,9540,670e1471370af0dea726d4710399e168a84be3ae02b2fc1c347e0ca4bcadb19a
data/derived_data/platform/governance_public_space_rules_verified_seed_v1.csv,6721,c0e59f9b238737effe7e587bea8cf5f0ba19148201934716409999f4426cba3d
data/derived_data/platform/host_venue_pet_rule_ecology_2025_v3.csv,41592289,a48d4123ae762609ea092b9cb35b1c771768bfea05f13d3635f05e0d8759568e
data/derived_data/platform/host_venue_rule_agents_2025_v2.csv,30366512,cc4087d0d18a01c49bc2d4410303a1d7ef247de690f46ce64b97999a7f3380e8
data/derived_data/platform/host_venue_rule_agents_2025_v2.geojson,70181154,304a32d020b4df56117d9a8d61a78430277a9b7e0e2a566fa47325a5a98694f7
data/derived_data/platform/pet_service_ecology_points_2025_v3.csv,464246,63221a8b53a84965cc1f414613208631d3b0d77bd5c136e4fe1c297c85efe6c6
data/derived_data/platform/pet_service_ecology_points_2025_v3.geojson,1428979,4bb54da812733dfa25fc2978dedff5fb438b718d8ce9a8b5a316df7c9e3a303e
data/derived_data/platform/public_private_pet_friendly_rules_v1.csv,67785,a9c5503c833bc025c93b2102f5d08cec2062376061ad2225b466860de84feef0
data/derived_data/platform/round_mining_evidence_ledger_v2.csv,18000,c59da6246184ea16cf020d282ce0ebdbfe7936b870d3b007f7236b420ef49350
data/derived_data/platform/rule_liminal_host_candidates_2025_v4.csv,61231056,fe5208bd06d2bc02f3b83f337209a72597c00a1b68318c16cef8eb73a3a34a30
data/derived_data/platform/rule_liminal_verification_queue_2025_v4.csv,1456998,ba8f1a5977a26a42c2b7930075e41dc30967fc1c043508a3a38f2e94d5156f6f
data/derived_data/platform/rule_semantic_records_v1.csv,98583,ca53036bc206df2f4636bdf92944e1c05a801c7efeb13bb26ab2ddf1fc199d50
data/derived_data/platform/rule_source_ledger_v1.csv,64619,29c395330136ab158aa61dcdd7552f686b6cffccb48d46d91d5ea3c53ee823ce
data/derived_data/platform/schelling_full_rule_adoption_final_agents_2025_v2.csv,62710571,fdec4905c6b7749c6aed0ba7627253f2aebeb58d407547fd5d3eff2328d108e7
data/derived_data/platform/schelling_full_rule_adoption_scenarios_2025_v2.csv,1631,f88e6507effe19ded112a55de52d929d7ef6aa34f161818985c9e712822b0658
data/derived_data/platform/schelling_full_rule_adoption_steps_2025_v2.csv,30998024,756a1ff1133ea6486d18c3491352e97f5a54f621a3754f20acc503b5d05c4f56
data/figure_source_data/hssc_fig2_quality_v2_20260616/Figure_02_source_map.json,1284,6ba7746bcfb8799f88c1bdcb55d6ef783ba31fb1fe24a7c7b452fb8636c59c89
data/figure_source_data/hssc_fig3_quality_v1_20260617/Figure_03_source_map.json,2266,04e55065a6f50dcc9030c3fba52728564cc44c6de47607a771413d7433c1c6b2
data/figure_source_data/hssc_fig3_quality_v1_20260617/fig3_rule_liminal_venues_v28_panel_a_source.csv,390569,155388ad72bcb281228f11d51e766e0465872c80207edba879ec3d9898b75f37
data/figure_source_data/hssc_fig3_quality_v1_20260617/fig3_rule_liminal_venues_v28_panel_b_source.csv,143,f63e65fa168eea7fe7bd6b8068eb7031aae7280cb5e8e7dd0ba27b1a37d1d8f6
data/figure_source_data/hssc_fig3_quality_v1_20260617/fig3_rule_liminal_venues_v28_panel_c_source.csv,1036,b69a3ed3c97740bb3d08c5ce5165a83382b7850f8f07bd6e92c5c8fab40063d7
data/figure_source_data/hssc_fig3_quality_v1_20260617/fig3_rule_liminal_venues_v28_panel_d_source.csv,734,074008edf01616bf4ec8792a9c8e41918d722b3432b7a7e62abc591a1703dc45
data/figure_source_data/hssc_fig3_quality_v1_20260617/fig3_rule_liminal_venues_v28_panel_e_source.csv,315,f03fafbee4017a4ce47749647418ddc57fd399630d92605a3cd65b96ec94f920
data/figure_source_data/hssc_fig3_quality_v1_20260617/fig3_rule_liminal_venues_v28_panel_f_source.csv,763,046787a7af8c595e28466e35cdc549d964918fb5a2931332b91c767e6a6f3a82
data/figure_source_data/hssc_fig4_quality_v1_20260617/Figure_04_panel_c_matched_diagnostic_source.csv,1004,26234dfb3cc5d17f8248ce9f608f97ae39fda4164e1ff1fdd4c8fdd4d8c423e9
data/figure_source_data/hssc_fig4_quality_v1_20260617/Figure_04_panel_e_matched_diagnostic_source.csv,1004,26234dfb3cc5d17f8248ce9f608f97ae39fda4164e1ff1fdd4c8fdd4d8c423e9
data/figure_source_data/hssc_fig5_quality_v1_20260617/Figure_05_panel_a_validation_funnel.csv,128,b9003cae4949ba988ad89bfa43374417a3f8c4167ae4368df3e2da0b7158c405
data/figure_source_data/hssc_fig5_quality_v1_20260617/Figure_05_panel_b_rule_direction_mix.csv,318,fe4e23dca61420624cc43bf853fe7e5415fe83003f6b06e53b40aa8cd63398a3
data/figure_source_data/hssc_fig5_quality_v1_20260617/Figure_05_panel_c_direction_classes.csv,295,371722ac85473786a9533fdc6dc80b4a9bc3ce9a9e7a5665870a2b479011d918
data/figure_source_data/hssc_fig5_quality_v1_20260617/Figure_05_panel_d_venue_type_pass_rates.csv,506,635c063e18428c8c3b785c5aa6aed133dabf335e6439086dc3763afb7465a79a
data/figure_source_data/hssc_fig5_quality_v1_20260617/Figure_05_panel_e_district_pass_rates.csv,427,5b0c46fc5048a2a677d31608ce2c32926b38c9370aef578fb40f522ca7ea677b
data/figure_source_data/hssc_fig6_quality_v1_20260617/Figure_06_panel_a_network_exposure.csv,1005055,cb7f69474b3b123587ce808cba7451cd3718e51643fd076d91687aaad7b01129
data/figure_source_data/hssc_fig6_quality_v1_20260617/Figure_06_panel_b_spatial_typology.csv,659695,5345630f9309cccc1272231cfdabd3620402aad2e93e66bb5529073885b87115
data/figure_source_data/hssc_fig6_quality_v1_20260617/Figure_06_panel_c_topology_profile.csv,921,46756e1f80be50cd45f03c1d384f0a9d141bfb466d8755b555d6cea5a166deac
data/figure_source_data/hssc_fig6_quality_v1_20260617/Figure_06_panel_d_edge_distance.csv,1923,7fef0684ada2d14c0287698ba52f22a6fe9a5ff2b7b83655aaf8e04a335d4cba
data/figure_source_data/hssc_fig6_quality_v1_20260617/Figure_06_panel_e_long_source.csv,661,3c23fd6bd9657237e08d68a02c943fb9d657d53c4af4c950eddbec3eef91d5cb
data/figure_source_data/hssc_fig6_quality_v1_20260617/Figure_06_panel_e_threshold.csv,995,2cde2da4a73e63f12d68f2a2fdf740ac7cc34a88f7bf95242809dd0e51bd4b89
data/figure_source_data/hssc_fig6_quality_v1_20260617/Figure_06_panel_f_model.csv,3923,dfb2e8b76a26174eaf9c9dc72bb8021973cd5cb9e7ae92657e1de694030ba218
data/figure_source_data/hssc_fig6_quality_v1_20260617/Figure_06_panel_g_scenario.csv,380,37d29e47d3da1ff441308424c6f3bd2734de945ba28a7dcffe9dc4fc50b3cf6f
data/figure_source_data/hssc_fig6_quality_v1_20260617/Figure_06_panel_h_morphology_phase.csv,771608,01caaac338ac7172ad249e34333be753ed3e69795e3871ad9bf17b649c54e302
data/figure_source_data/hssc_fig6_quality_v1_20260617/Figure_06_panel_h_spatial_typology.csv,659695,5345630f9309cccc1272231cfdabd3620402aad2e93e66bb5529073885b87115
data/figure_source_data/hssc_fig7_quality_v7_20260616/Figure_07_case_selection_source_locked.csv,2760,09aeb7deebcb13724141defdbbd3d29e63b5865e6660b67241a276c432650e4a
data/figure_source_data/hssc_fig7_quality_v7_20260616/Figure_07_manifest.json,958,9201168e640b027234d7dc6c8aec00d9c2558cb86d92fb5cb81e3f91581618a0
data/figure_source_data/hssc_fig7_quality_v7_20260616/Figure_07_panel_stats_source_locked.csv,3668,e4ccd79fae8c7950e34b63ef56df04147e6fcf94fd6c72cf7f05bc0995541bcc
data/manual_validation/manual_validation_claim_boundary_v1.md,2062,62acf01bd438515b08b7a8748fbaac9f12e095ae5a4c0663c361c51d433aad6c
data/manual_validation/manual_validation_direction_classes_v1.csv,1033,52be9f03645eab754da7249c37353f93c061c2ec7597bb384d365c87917c54f6
data/manual_validation/manual_validation_grouped_pass_rates_v1.csv,8139,cfa5870b795acad87b470de393e3e7776771cacd30e49fd1abd8a5d351141856
data/manual_validation/manual_validation_liminal_candidates_combined_completed_utf8.csv,1221393,5bbb29163c3377de1ffe8c50866db925bbee0cf6f820a4ec3ad2e57e71ec1020
data/manual_validation/manual_validation_manifest_v1.json,1348,7b9d000eac269a07d21dd82b885d121273688d52577b2d286e644274be6f0c91
data/manual_validation/manual_validation_round1_300_priority_completed_utf8.csv,462621,2ccc3c2e48aeb1a8c33df9deaa7405498152b78592c560e495c91ec8e328fc9f
data/manual_validation/manual_validation_rule_sources_132_completed_utf8.csv,163865,652e9185a2ab78bc643ca1217f88287f77ce5d3a7ea9e1fa4d07aeb8b37dd890
data/manual_validation/manual_validation_summary_v1.csv,905,9bbc199a67abe8d141f263004928df1460357689b4721e1d2648edb8dba8144a
data/manual_validation/manual_validation_top1000_stratified_completed_utf8.csv,724588,d6ba889f260110f36675f9a0dc8b459ee1af1623527ec857bd61b1fbfd7041d6
data/metadata/deduplication_decision_log.csv,244,4a2d0c4177ed1ff35dc90b2c94569c63f3cb279b1b1aa61ab57ef7f3537a155c
data/metadata/grid_feature_dictionary.csv,337,44ce541575881a58edaaad790cefcd5e6929b55f445c07a97532fc425651eae4
data/metadata/grid_pet_service_join_qa.csv,262,bb94692b9c3508c12def8774b3c1eceb5099e50d9d0f119f0f9db56d09ff7e8d
data/metadata/model_control_variable_register_v1.csv,5735,d812633b3a33b08a8a73860f9ffa685b99fcbb358dac7d7527c724271db9a5e7
data/metadata/osm_3d_tag_coverage.csv,215,8d054320635f6de0ab2efa91d1e0d6fd61c1303de07e6c4468ada1323097523e
data/metadata/osm_query_plan.csv,2212,99819e4b0b610d6b467e26962fe0d98bab5631e76416afc969f7a839cdfd7fc5
data/metadata/osm_source_manifest.csv,583,ad9af237cc9babfa7ad9dbad18acb54fc3fa7a65ad550954bdca60f3ab294687
data/metadata/pet_service_core_A_coordinate_year_qa.csv,357,0986dc4d04b9aa813fbc8cd656b913840213623ebeea645814636e7c91937566
data/metadata/pet_service_duplicate_risk.csv,4418,172d29d6aa625a8c30aced806faca318cf2eeba22b313939f82ee2f90b7b657e
data/metadata/pet_service_full_extraction_audit.csv,25723,cbcd5eb7b971b2c4bfb8fad78a5d9457df05ffd4cd9ff25895ae98edab221d97
data/metadata/pet_service_full_validation_sample.csv,218629,b480189464c77cab20e6fc85857b9071d989600b540bb3e6b41706cabb00725c
data/metadata/pet_service_privacy_numeric_pattern_audit.csv,3815,88a40ce660b5085ee3202f047c551993ad98207bf2f2ac8dd6016e4703f0dd08
data/metadata/pet_service_review_queue.csv,221881,7780fcc8093a9ee43844040681a19620ecd821c904a0e50dbd65957130805867
data/metadata/pet_service_taxonomy.csv,1289,8a6033ce2cf580f18d5c59c8c575673eae55c3a25092de15192672333429682a
data/metadata/pet_service_validation_codebook.md,1403,f3528d894fb71ea68f4e47272f468ade3832b8201b050302cbf00c70b3b029d4
data/metadata/pet_service_validation_decision_rules.md,715,53a9320a1302c02bb39e68938cf1db484e8f417f1bd28e023ecfd785f8f8d632
data/metadata/pet_service_validation_sample.csv,16955,0469d5c96c8ce9e624404d7eae6cee4c964628ff4bfbf3c5dbb37d5241e7e969
data/metadata/platform_geo_confidence_rules.csv,223,0d7a37629f3d181d9f27a034edadc3b2d4880b59b8d7dffbc39ad8a8b0d89592
data/metadata/platform_keyword_and_taxonomy_plan.csv,367,64754e087b7a6c3178a7e5e6bff69d5ccd11208da9450b365816b0713f8b8dec
data/metadata/platform_public_space_seed_register.csv,14176,007bc6545d8c0310ef0a5872503630f5c3517ad637815b70660638a1c43e356b
data/metadata/platform_source_options.csv,406,0e573c77069e66fd4b41f7ece336255b91490a174f0a340904b82c4d451c9ae5
data/metadata/robustness_tests.csv,280,949d54b8fdd72411dc9d1cea701133df45cb00af2e98b08b40d6d06f6915d1ea
data/metadata/robustness_threshold_sensitivity.csv,744,23f7d4e267de3f68b668e78c6b53ea79fc487c8cae81ef401297bd13e25ce923
data/metadata/shenzhen_poi_canonical_schema.csv,1044,38c494e3516cda06cb9b803cedcac40308357b4343df4349da8c2c250eaceea6
data/metadata/shenzhen_poi_file_inventory.csv,25066,5da99182cbff9a89c801a311ad70051a7f18c868744b45d71c51dd071578a1f7
data/metadata/shenzhen_poi_schema_harmonization_audit.csv,128405,86e9c46e54a1c7810b7e7b6bc7290df0c0282d28da1480c107157b6c3ba2d4a1
data/metadata/streetview_feature_dictionary.csv,449,8d923985ada99eb14a399a8f5979d298d50afb530185156ee15a3db26ec17bba
data/metadata/streetview_source_options.csv,299,a225e6714adba82037c0179205f02450b230bed1d37da5958ca4a433d5b59c1a
data/metadata/year_quality_gate.csv,635,23a82cccf6a1c61c64a548160b40ee76a7a562413914a7ee54c242fe52f531b9
data/review_screens/district_frontier_neighbor_concentration_v1.csv,490,dbfed665766b29df65749ce2cee3f2f8f88e66221c1da83eca34a17854006495
data/review_screens/district_frontier_summary_v51.csv,1071,5a87ce036062b9176fe6216e822b53b4cbe0484c350228a298aed1a0f6bc6eb4
data/review_screens/event_did_hc3_ci_v8.csv,595,d60b41c28436635e1221c687c516b47c5a79eddeb42540f982062ce9eddb879a
data/review_screens/evidence_set_mapping_review_table.csv,1961,08a38afca88e2a6eb45354e466500980b7204758e208a623fbd4b59e64030d40
data/review_screens/frontier_neighbor_concentration_screen_v1.csv,756162,2dbaded322fe2df12c7d3181dd86196792084f2b5ee36e180a36f03e08d673c1
data/review_screens/frontier_weight_perturbation_summary_v8.csv,173,915082fa29b2e5fa766096a1085b7700180192d0b4adfa7d50c47eb52b74a285
data/review_screens/gridid_queen_moran_screen_v1.csv,1745,0f83746e9388465adde02dd3e352b166bc4853b6bb6d1b987668ef6729ed2cb8
data/review_screens/indicator_descriptive_statistics_v51.csv,1554,8e9df44da8231595469bbf06ba6bab2ed6c6a2e75342aac8e5393efb1c8d3679
data/review_screens/matched_frontier_balance_after_v8.csv,881,2bea8aedff8077dda60cb56f5b616b277a236a17f0894bf5bc7534162a6deed0
data/review_screens/matched_frontier_uncertainty_v8.csv,843,0ba30061d5cad8ace90ffb6354982a9012412491279e2c20e9663e3bb507c85e
data/review_screens/maup_250m_parent_grid_screen_v1.csv,796532,0473f03f99881d35f6e856c9eb015955aa7b77a227f7b7475fe154ac8d0a4452
data/review_screens/maup_250m_parent_grid_summary_v1.csv,402,199cf5e2ab18a29e5521358db2ceee609cc5f1c54dea8398962696953cb8036b
data/review_screens/population_exposure_district_summary_v1.csv,995,55b7fd2efedfb1aae661327426ff3d11ad92e54d00a63c938d36c75d7bd6cbf8
data/review_screens/population_exposure_frontier_summary_v1.csv,1026,b5dc0b0e530c4eb4436180d022269c1056b26ae9f6b9f1924e967920c3133a22
data/review_screens/population_exposure_grid_centroid_v1.csv,1421674,17dd900911e45f39d34c68513558f9cbf3686d24fc14914cdea93e74dccef783
data/review_screens/rule_corpus_source_class_summary_v8.csv,695,de8a6d802947386e0f8572c4904f0441b0bca3e739c7509d1f2b422a2cf2c445
data/review_screens/v5_v51_frontier_version_audit.csv,488,2b4ce737ef4115958025f7e88b5a509b6b7ebca336b76f79ccb55b130865c23d
data_code_figure_table_crosswalk.csv,9704,ce2c1bb43cc07c0c44277d4c7149e3920a85848650288de4de7d0f604102985e
tables/Research_Tables_If_Requested.docx,40964,f63f832dfedb9a261ab9e0cb997744dfaab0214cd0193e0005be8be6286074b5
tables/table1_constructs_evidence_layers_boundaries_v2.csv,1678,9e65414b137594be2b431855b819ec444c81bf41df381dfdcbb83775fb267cb6
tables/table2_core_empirical_contrasts_v2.csv,1185,135944f2623f47ed5ad897e614dd101e5b875241a12f0922eaaefe78bd5d71a6
tables/table3_rule_source_strength_v2.csv,454,45c844f20032559877320091f73a92259194ed60db00754a53a90e626cdabf6e
tables/table4_robustness_sensitivity_diagnostics_v2.csv,2086,4864edb4663a88153e63d2de92dd1b03e6b63b2ee947d2f99d058ad2e01642f3
tables/tableS1_data_code_availability_v2.csv,1397,a34b6aa79f2ad7e8c6ed1e866789e65552c1beb961330533e5b167413e437f9b
